<?xml version="1.0" encoding="UTF-8"?>
<export version="E">
  <design>
    <source>G:\MakerStuff\Kicad\LucidVRGloves 2.0\lucidVrGloves\lucidVrGloves.kicad_sch</source>
    <date>14.01.2023 20:21:15</date>
    <tool>Eeschema (6.0.10)</tool>
    <sheet number="1" name="/" tstamps="/">
      <title_block>
        <title>LucidVR glove</title>
        <company/>
        <rev>v2.1</rev>
        <date>2023-01-13</date>
        <source>lucidVrGloves.kicad_sch</source>
        <comment number="1" value=""/>
        <comment number="2" value=""/>
        <comment number="3" value=""/>
        <comment number="4" value=""/>
        <comment number="5" value=""/>
        <comment number="6" value=""/>
        <comment number="7" value=""/>
        <comment number="8" value=""/>
        <comment number="9" value=""/>
      </title_block>
    </sheet>
  </design>
  <components>
    <comp ref="C1">
      <value>2200uF</value>
      <footprint>Capacitor_THT:CP_Radial_D10.0mm_P5.00mm</footprint>
      <libsource lib="Device" part="C_Polarized" description="Polarized capacitor"/>
      <property name="Sheetname" value=""/>
      <property name="Sheetfile" value="lucidVrGloves.kicad_sch"/>
      <sheetpath names="/" tstamps="/"/>
      <tstamps>f7921985-b0db-40e3-890a-1a41706eb41a</tstamps>
    </comp>
    <comp ref="C2">
      <value>10uF</value>
      <footprint>Capacitor_SMD:C_0805_2012Metric_Pad1.18x1.45mm_HandSolder</footprint>
      <libsource lib="Device" part="C" description="Unpolarized capacitor"/>
      <property name="Sheetname" value=""/>
      <property name="Sheetfile" value="lucidVrGloves.kicad_sch"/>
      <sheetpath names="/" tstamps="/"/>
      <tstamps>bfac5194-028a-4ecd-9766-b0a2b6adf05c</tstamps>
    </comp>
    <comp ref="C3">
      <value>10uF</value>
      <footprint>Capacitor_SMD:C_0805_2012Metric_Pad1.18x1.45mm_HandSolder</footprint>
      <libsource lib="Device" part="C" description="Unpolarized capacitor"/>
      <property name="Sheetname" value=""/>
      <property name="Sheetfile" value="lucidVrGloves.kicad_sch"/>
      <sheetpath names="/" tstamps="/"/>
      <tstamps>f70f5aaf-5ce2-40a8-8428-970ecc4595c1</tstamps>
    </comp>
    <comp ref="C4">
      <value>1uF</value>
      <footprint>Capacitor_SMD:C_0805_2012Metric_Pad1.18x1.45mm_HandSolder</footprint>
      <libsource lib="Device" part="C" description="Unpolarized capacitor"/>
      <property name="Sheetname" value=""/>
      <property name="Sheetfile" value="lucidVrGloves.kicad_sch"/>
      <sheetpath names="/" tstamps="/"/>
      <tstamps>13d49293-ebfe-462d-8917-6cc85503fd10</tstamps>
    </comp>
    <comp ref="C5">
      <value>10uF</value>
      <footprint>Capacitor_SMD:C_0805_2012Metric_Pad1.18x1.45mm_HandSolder</footprint>
      <libsource lib="Device" part="C" description="Unpolarized capacitor"/>
      <property name="Sheetname" value=""/>
      <property name="Sheetfile" value="lucidVrGloves.kicad_sch"/>
      <sheetpath names="/" tstamps="/"/>
      <tstamps>4f5781bb-7b54-451f-83c1-05b99efb7103</tstamps>
    </comp>
    <comp ref="C6">
      <value>0.1uF</value>
      <footprint>Capacitor_SMD:C_0805_2012Metric_Pad1.18x1.45mm_HandSolder</footprint>
      <libsource lib="Device" part="C" description="Unpolarized capacitor"/>
      <property name="Sheetname" value=""/>
      <property name="Sheetfile" value="lucidVrGloves.kicad_sch"/>
      <sheetpath names="/" tstamps="/"/>
      <tstamps>db45383d-60ef-459e-9693-4aa44506c4d6</tstamps>
    </comp>
    <comp ref="C7">
      <value>0.1uF</value>
      <footprint>Capacitor_SMD:C_0805_2012Metric_Pad1.18x1.45mm_HandSolder</footprint>
      <libsource lib="Device" part="C" description="Unpolarized capacitor"/>
      <property name="Sheetname" value=""/>
      <property name="Sheetfile" value="lucidVrGloves.kicad_sch"/>
      <sheetpath names="/" tstamps="/"/>
      <tstamps>b1b3431b-2225-481d-9d17-5d2bf3464bf8</tstamps>
    </comp>
    <comp ref="C8">
      <value>Servo reservoir</value>
      <footprint>Capacitor_THT:CP_Radial_D6.3mm_P2.50mm</footprint>
      <libsource lib="Device" part="C_Polarized" description="Polarized capacitor"/>
      <property name="Sheetname" value=""/>
      <property name="Sheetfile" value="lucidVrGloves.kicad_sch"/>
      <sheetpath names="/" tstamps="/"/>
      <tstamps>348dd1db-1f5f-4775-8c45-2678266e6962</tstamps>
    </comp>
    <comp ref="C9">
      <value>0.1uF</value>
      <footprint>Capacitor_SMD:C_0805_2012Metric_Pad1.18x1.45mm_HandSolder</footprint>
      <libsource lib="Device" part="C" description="Unpolarized capacitor"/>
      <property name="Sheetname" value=""/>
      <property name="Sheetfile" value="lucidVrGloves.kicad_sch"/>
      <sheetpath names="/" tstamps="/"/>
      <tstamps>3414d0d1-ebda-4f46-9fd0-fbce34bfbd54</tstamps>
    </comp>
    <comp ref="C10">
      <value>C</value>
      <footprint>Capacitor_SMD:C_0805_2012Metric_Pad1.18x1.45mm_HandSolder</footprint>
      <libsource lib="Device" part="C" description="Unpolarized capacitor"/>
      <property name="Sheetname" value=""/>
      <property name="Sheetfile" value="lucidVrGloves.kicad_sch"/>
      <sheetpath names="/" tstamps="/"/>
      <tstamps>8e2071a2-03ee-40fe-9f65-cf04d098f677</tstamps>
    </comp>
    <comp ref="C11">
      <value>Motor reservoir</value>
      <footprint>Capacitor_THT:CP_Radial_D6.3mm_P2.50mm</footprint>
      <libsource lib="Device" part="C_Polarized" description="Polarized capacitor"/>
      <property name="Sheetname" value=""/>
      <property name="Sheetfile" value="lucidVrGloves.kicad_sch"/>
      <sheetpath names="/" tstamps="/"/>
      <tstamps>cb1d2b0e-ffa3-4b7d-aa1c-63cc2affadf0</tstamps>
    </comp>
    <comp ref="D1">
      <value>Status</value>
      <footprint>LED_SMD:LED_0805_2012Metric_Pad1.15x1.40mm_HandSolder</footprint>
      <libsource lib="Device" part="LED" description="Light emitting diode"/>
      <property name="Sheetname" value=""/>
      <property name="Sheetfile" value="lucidVrGloves.kicad_sch"/>
      <sheetpath names="/" tstamps="/"/>
      <tstamps>801aaf3f-979f-40c1-b06a-07eeab45f036</tstamps>
    </comp>
    <comp ref="D2">
      <value>Flyback D</value>
      <footprint>Diode_SMD:D_0805_2012Metric_Pad1.15x1.40mm_HandSolder</footprint>
      <libsource lib="Device" part="D" description="Diode"/>
      <property name="Sheetname" value=""/>
      <property name="Sheetfile" value="lucidVrGloves.kicad_sch"/>
      <sheetpath names="/" tstamps="/"/>
      <tstamps>a1e8191a-51ce-44ac-8611-8b1c18a6afaf</tstamps>
    </comp>
    <comp ref="D3">
      <value>Flyback D</value>
      <footprint>Diode_SMD:D_0805_2012Metric_Pad1.15x1.40mm_HandSolder</footprint>
      <libsource lib="Device" part="D" description="Diode"/>
      <property name="Sheetname" value=""/>
      <property name="Sheetfile" value="lucidVrGloves.kicad_sch"/>
      <sheetpath names="/" tstamps="/"/>
      <tstamps>fa149105-bc99-42e8-9357-b8b9fb94c008</tstamps>
    </comp>
    <comp ref="D4">
      <value>Flyback D</value>
      <footprint>Diode_SMD:D_0805_2012Metric_Pad1.15x1.40mm_HandSolder</footprint>
      <libsource lib="Device" part="D" description="Diode"/>
      <property name="Sheetname" value=""/>
      <property name="Sheetfile" value="lucidVrGloves.kicad_sch"/>
      <sheetpath names="/" tstamps="/"/>
      <tstamps>68086cd1-06bc-4a31-90fe-7eccf6eba2e8</tstamps>
    </comp>
    <comp ref="D5">
      <value>Flyback D</value>
      <footprint>Diode_SMD:D_0805_2012Metric_Pad1.15x1.40mm_HandSolder</footprint>
      <libsource lib="Device" part="D" description="Diode"/>
      <property name="Sheetname" value=""/>
      <property name="Sheetfile" value="lucidVrGloves.kicad_sch"/>
      <sheetpath names="/" tstamps="/"/>
      <tstamps>0ee1d315-5711-4326-8fcd-33f01a5e0240</tstamps>
    </comp>
    <comp ref="D6">
      <value>Flyback D</value>
      <footprint>Diode_SMD:D_0805_2012Metric_Pad1.15x1.40mm_HandSolder</footprint>
      <libsource lib="Device" part="D" description="Diode"/>
      <property name="Sheetname" value=""/>
      <property name="Sheetfile" value="lucidVrGloves.kicad_sch"/>
      <sheetpath names="/" tstamps="/"/>
      <tstamps>b739e3a4-0679-4f9c-a394-2354ace6f23e</tstamps>
    </comp>
    <comp ref="D7">
      <value>Flyback D</value>
      <footprint>Diode_SMD:D_0805_2012Metric_Pad1.15x1.40mm_HandSolder</footprint>
      <libsource lib="Device" part="D" description="Diode"/>
      <property name="Sheetname" value=""/>
      <property name="Sheetfile" value="lucidVrGloves.kicad_sch"/>
      <sheetpath names="/" tstamps="/"/>
      <tstamps>3de6fabc-3bcf-4548-bc16-d2a8b7a88339</tstamps>
    </comp>
    <comp ref="D8">
      <value>Flyback D</value>
      <footprint>Diode_SMD:D_0805_2012Metric_Pad1.15x1.40mm_HandSolder</footprint>
      <libsource lib="Device" part="D" description="Diode"/>
      <property name="Sheetname" value=""/>
      <property name="Sheetfile" value="lucidVrGloves.kicad_sch"/>
      <sheetpath names="/" tstamps="/"/>
      <tstamps>e9e0ed04-29f3-4305-a695-41569d85a5dd</tstamps>
    </comp>
    <comp ref="D9">
      <value>Flyback D</value>
      <footprint>Diode_SMD:D_0805_2012Metric_Pad1.15x1.40mm_HandSolder</footprint>
      <libsource lib="Device" part="D" description="Diode"/>
      <property name="Sheetname" value=""/>
      <property name="Sheetfile" value="lucidVrGloves.kicad_sch"/>
      <sheetpath names="/" tstamps="/"/>
      <tstamps>6f570243-aeb1-4d6d-bcfb-cb0745a3c7ec</tstamps>
    </comp>
    <comp ref="D10">
      <value>D</value>
      <footprint>Diode_SMD:D_0805_2012Metric_Pad1.15x1.40mm_HandSolder</footprint>
      <libsource lib="Device" part="D" description="Diode"/>
      <property name="Sheetname" value=""/>
      <property name="Sheetfile" value="lucidVrGloves.kicad_sch"/>
      <sheetpath names="/" tstamps="/"/>
      <tstamps>6813ffc6-2f1a-495e-be38-517d4803664d</tstamps>
    </comp>
    <comp ref="J1">
      <value>PROG</value>
      <footprint>Connector:Tag-Connect_TC2030-IDC-NL_2x03_P1.27mm_Vertical</footprint>
      <libsource lib="Connector_Generic" part="Conn_02x03_Odd_Even" description="Generic connector, double row, 02x03, odd/even pin numbering scheme (row 1 odd numbers, row 2 even numbers), script generated (kicad-library-utils/schlib/autogen/connector/)"/>
      <property name="Sheetname" value=""/>
      <property name="Sheetfile" value="lucidVrGloves.kicad_sch"/>
      <sheetpath names="/" tstamps="/"/>
      <tstamps>052e7fc9-4f60-4ab1-83c4-fb4f0fe4f9bf</tstamps>
    </comp>
    <comp ref="J2">
      <value>USB C power</value>
      <footprint>Connector_USB:USB_C_Receptacle_XKB_U262-16XN-4BVC11</footprint>
      <datasheet>https://www.usb.org/sites/default/files/documents/usb_type-c.zip</datasheet>
      <libsource lib="Connector" part="USB_C_Receptacle_USB2.0" description="USB 2.0-only Type-C Receptacle connector"/>
      <property name="Sheetname" value=""/>
      <property name="Sheetfile" value="lucidVrGloves.kicad_sch"/>
      <sheetpath names="/" tstamps="/"/>
      <tstamps>d340fe9b-48f8-452f-9252-2650510f9eb6</tstamps>
    </comp>
    <comp ref="J3">
      <value>External servo power</value>
      <footprint>Connector_PinHeader_2.54mm:PinHeader_1x02_P2.54mm_Vertical</footprint>
      <libsource lib="Connector" part="Conn_01x02_Male" description="Generic connector, single row, 01x02, script generated (kicad-library-utils/schlib/autogen/connector/)"/>
      <property name="Sheetname" value=""/>
      <property name="Sheetfile" value="lucidVrGloves.kicad_sch"/>
      <sheetpath names="/" tstamps="/"/>
      <tstamps>906f3687-a775-48ae-b8f6-218031c6d5a5</tstamps>
    </comp>
    <comp ref="J4">
      <value>Battery</value>
      <footprint>Connector_PinHeader_2.54mm:PinHeader_1x02_P2.54mm_Vertical</footprint>
      <libsource lib="Connector_Generic" part="Conn_01x02" description="Generic connector, single row, 01x02, script generated (kicad-library-utils/schlib/autogen/connector/)"/>
      <property name="Sheetname" value=""/>
      <property name="Sheetfile" value="lucidVrGloves.kicad_sch"/>
      <sheetpath names="/" tstamps="/"/>
      <tstamps>a8950b90-40cb-47d0-8438-b1e723e7ae24</tstamps>
    </comp>
    <comp ref="J5">
      <value>External haptic motor power</value>
      <footprint>Connector_PinHeader_2.54mm:PinHeader_1x02_P2.54mm_Vertical</footprint>
      <libsource lib="Connector" part="Conn_01x02_Male" description="Generic connector, single row, 01x02, script generated (kicad-library-utils/schlib/autogen/connector/)"/>
      <property name="Sheetname" value=""/>
      <property name="Sheetfile" value="lucidVrGloves.kicad_sch"/>
      <sheetpath names="/" tstamps="/"/>
      <tstamps>cb4e7247-a052-4429-856d-a64a397c8416</tstamps>
    </comp>
    <comp ref="J6">
      <value>I2C</value>
      <footprint>Connector_PinHeader_2.54mm:PinHeader_1x04_P2.54mm_Vertical</footprint>
      <libsource lib="Connector_Generic" part="Conn_01x04" description="Generic connector, single row, 01x04, script generated (kicad-library-utils/schlib/autogen/connector/)"/>
      <property name="Sheetname" value=""/>
      <property name="Sheetfile" value="lucidVrGloves.kicad_sch"/>
      <sheetpath names="/" tstamps="/"/>
      <tstamps>5ff2fb07-c1e9-4e66-a91c-5af7a9b903e2</tstamps>
    </comp>
    <comp ref="J7">
      <value>Joystick</value>
      <footprint>Connector_PinHeader_2.54mm:PinHeader_1x05_P2.54mm_Vertical</footprint>
      <libsource lib="Connector_Generic" part="Conn_01x05" description="Generic connector, single row, 01x05, script generated (kicad-library-utils/schlib/autogen/connector/)"/>
      <property name="Sheetname" value=""/>
      <property name="Sheetfile" value="lucidVrGloves.kicad_sch"/>
      <sheetpath names="/" tstamps="/"/>
      <tstamps>022f737f-95a7-4cbf-a0bc-1717518fff51</tstamps>
    </comp>
    <comp ref="J8">
      <value>Buttons</value>
      <footprint>Connector_PinSocket_2.54mm:PinSocket_1x02_P2.54mm_Vertical</footprint>
      <libsource lib="Connector_Generic" part="Conn_01x02" description="Generic connector, single row, 01x02, script generated (kicad-library-utils/schlib/autogen/connector/)"/>
      <property name="Sheetname" value=""/>
      <property name="Sheetfile" value="lucidVrGloves.kicad_sch"/>
      <sheetpath names="/" tstamps="/"/>
      <tstamps>6007384a-60d7-475d-9b6c-15dc0b8d8e63</tstamps>
    </comp>
    <comp ref="J9">
      <value>3v3 Rail</value>
      <footprint>Connector_PinSocket_2.54mm:PinSocket_2x02_P2.54mm_Vertical</footprint>
      <libsource lib="Connector_Generic" part="Conn_02x02_Odd_Even" description="Generic connector, double row, 02x02, odd/even pin numbering scheme (row 1 odd numbers, row 2 even numbers), script generated (kicad-library-utils/schlib/autogen/connector/)"/>
      <property name="Sheetname" value=""/>
      <property name="Sheetfile" value="lucidVrGloves.kicad_sch"/>
      <sheetpath names="/" tstamps="/"/>
      <tstamps>f3ac3683-e2de-4593-92d5-bc05a29d9187</tstamps>
    </comp>
    <comp ref="J10">
      <value>GND rail</value>
      <footprint>Connector_PinSocket_2.54mm:PinSocket_2x02_P2.54mm_Vertical</footprint>
      <libsource lib="Connector_Generic" part="Conn_02x02_Odd_Even" description="Generic connector, double row, 02x02, odd/even pin numbering scheme (row 1 odd numbers, row 2 even numbers), script generated (kicad-library-utils/schlib/autogen/connector/)"/>
      <property name="Sheetname" value=""/>
      <property name="Sheetfile" value="lucidVrGloves.kicad_sch"/>
      <sheetpath names="/" tstamps="/"/>
      <tstamps>39c3ec73-bc83-4828-8ae6-1e62eb8df9e5</tstamps>
    </comp>
    <comp ref="J11">
      <value>Buttons_extra</value>
      <footprint>Connector_PinSocket_2.54mm:PinSocket_2x03_P2.54mm_Vertical</footprint>
      <libsource lib="Connector_Generic" part="Conn_02x03_Odd_Even" description="Generic connector, double row, 02x03, odd/even pin numbering scheme (row 1 odd numbers, row 2 even numbers), script generated (kicad-library-utils/schlib/autogen/connector/)"/>
      <property name="Sheetname" value=""/>
      <property name="Sheetfile" value="lucidVrGloves.kicad_sch"/>
      <sheetpath names="/" tstamps="/"/>
      <tstamps>e121b2ba-efee-4af5-b07f-7bcb0cd5db3d</tstamps>
    </comp>
    <comp ref="J12">
      <value>Halls 49E</value>
      <footprint>Connector_PinSocket_2.54mm:PinSocket_2x08_P2.54mm_Vertical</footprint>
      <libsource lib="Connector_Generic" part="Conn_02x08_Odd_Even" description="Generic connector, double row, 02x08, odd/even pin numbering scheme (row 1 odd numbers, row 2 even numbers), script generated (kicad-library-utils/schlib/autogen/connector/)"/>
      <property name="Sheetname" value=""/>
      <property name="Sheetfile" value="lucidVrGloves.kicad_sch"/>
      <sheetpath names="/" tstamps="/"/>
      <tstamps>8f9228c3-7ed7-4e0b-bbf5-3632aa67b017</tstamps>
    </comp>
    <comp ref="J13">
      <value>Haptic motors</value>
      <footprint>Connector_PinSocket_2.54mm:PinSocket_2x04_P2.54mm_Vertical</footprint>
      <libsource lib="Connector_Generic" part="Conn_02x04_Odd_Even" description="Generic connector, double row, 02x04, odd/even pin numbering scheme (row 1 odd numbers, row 2 even numbers), script generated (kicad-library-utils/schlib/autogen/connector/)"/>
      <property name="Sheetname" value=""/>
      <property name="Sheetfile" value="lucidVrGloves.kicad_sch"/>
      <sheetpath names="/" tstamps="/"/>
      <tstamps>9e070cad-255b-4c10-a75a-a6b0bead198a</tstamps>
    </comp>
    <comp ref="JP1">
      <value>Servo power select</value>
      <footprint>Jumper:SolderJumper-3_P1.3mm_Open_RoundedPad1.0x1.5mm</footprint>
      <libsource lib="Jumper" part="SolderJumper_3_Open" description="Solder Jumper, 3-pole, open"/>
      <property name="Sheetname" value=""/>
      <property name="Sheetfile" value="lucidVrGloves.kicad_sch"/>
      <sheetpath names="/" tstamps="/"/>
      <tstamps>acbc9a4f-d7d5-4880-bdb5-2a6d343febc2</tstamps>
    </comp>
    <comp ref="JP2">
      <value>Motor power select</value>
      <footprint>Jumper:SolderJumper-3_P1.3mm_Open_RoundedPad1.0x1.5mm</footprint>
      <libsource lib="Jumper" part="SolderJumper_3_Open" description="Solder Jumper, 3-pole, open"/>
      <property name="Sheetname" value=""/>
      <property name="Sheetfile" value="lucidVrGloves.kicad_sch"/>
      <sheetpath names="/" tstamps="/"/>
      <tstamps>484165e8-c36d-4447-ab15-09ab2eb4d70a</tstamps>
    </comp>
    <comp ref="M1">
      <value>Motor_Servo</value>
      <footprint>Connector_PinHeader_2.54mm:PinHeader_1x03_P2.54mm_Vertical</footprint>
      <datasheet>http://forums.parallax.com/uploads/attachments/46831/74481.png</datasheet>
      <libsource lib="Motor" part="Motor_Servo" description="Servo Motor (Futaba, HiTec, JR connector)"/>
      <property name="Sheetname" value=""/>
      <property name="Sheetfile" value="lucidVrGloves.kicad_sch"/>
      <sheetpath names="/" tstamps="/"/>
      <tstamps>f0348bb1-0e14-48c4-ae4a-f2c5897fe396</tstamps>
    </comp>
    <comp ref="M2">
      <value>Motor_Servo</value>
      <footprint>Connector_PinHeader_2.54mm:PinHeader_1x03_P2.54mm_Vertical</footprint>
      <datasheet>http://forums.parallax.com/uploads/attachments/46831/74481.png</datasheet>
      <libsource lib="Motor" part="Motor_Servo" description="Servo Motor (Futaba, HiTec, JR connector)"/>
      <property name="Sheetname" value=""/>
      <property name="Sheetfile" value="lucidVrGloves.kicad_sch"/>
      <sheetpath names="/" tstamps="/"/>
      <tstamps>059406b3-f846-48a7-9b78-bbc04ca5bc8b</tstamps>
    </comp>
    <comp ref="M3">
      <value>Motor_Servo</value>
      <footprint>Connector_PinHeader_2.54mm:PinHeader_1x03_P2.54mm_Vertical</footprint>
      <datasheet>http://forums.parallax.com/uploads/attachments/46831/74481.png</datasheet>
      <libsource lib="Motor" part="Motor_Servo" description="Servo Motor (Futaba, HiTec, JR connector)"/>
      <property name="Sheetname" value=""/>
      <property name="Sheetfile" value="lucidVrGloves.kicad_sch"/>
      <sheetpath names="/" tstamps="/"/>
      <tstamps>94425b63-43d0-4fc5-874f-6830a9d109c3</tstamps>
    </comp>
    <comp ref="M4">
      <value>Motor_Servo</value>
      <footprint>Connector_PinHeader_2.54mm:PinHeader_1x03_P2.54mm_Vertical</footprint>
      <datasheet>http://forums.parallax.com/uploads/attachments/46831/74481.png</datasheet>
      <libsource lib="Motor" part="Motor_Servo" description="Servo Motor (Futaba, HiTec, JR connector)"/>
      <property name="Sheetname" value=""/>
      <property name="Sheetfile" value="lucidVrGloves.kicad_sch"/>
      <sheetpath names="/" tstamps="/"/>
      <tstamps>cd73a8f7-7a74-4222-8ffd-1b289c7ad204</tstamps>
    </comp>
    <comp ref="M5">
      <value>Motor_Servo</value>
      <footprint>Connector_PinHeader_2.54mm:PinHeader_1x03_P2.54mm_Vertical</footprint>
      <datasheet>http://forums.parallax.com/uploads/attachments/46831/74481.png</datasheet>
      <libsource lib="Motor" part="Motor_Servo" description="Servo Motor (Futaba, HiTec, JR connector)"/>
      <property name="Sheetname" value=""/>
      <property name="Sheetfile" value="lucidVrGloves.kicad_sch"/>
      <sheetpath names="/" tstamps="/"/>
      <tstamps>622c6586-9fa1-46bb-b767-90c10d452f82</tstamps>
    </comp>
    <comp ref="Q1">
      <value>IRLML6344</value>
      <footprint>Package_TO_SOT_SMD:SOT-23</footprint>
      <datasheet>https://www.onsemi.com/pub/Collateral/NDS7002A-D.PDF</datasheet>
      <libsource lib="Transistor_FET" part="2N7002" description="0.115A Id, 60V Vds, N-Channel MOSFET, SOT-23"/>
      <property name="Sheetname" value=""/>
      <property name="Sheetfile" value="lucidVrGloves.kicad_sch"/>
      <sheetpath names="/" tstamps="/"/>
      <tstamps>117373f8-b81e-46c9-9312-edb0df9e5d2e</tstamps>
    </comp>
    <comp ref="Q2">
      <value>IRLML6344</value>
      <footprint>Package_TO_SOT_SMD:SOT-23</footprint>
      <datasheet>https://www.onsemi.com/pub/Collateral/NDS7002A-D.PDF</datasheet>
      <libsource lib="Transistor_FET" part="2N7002" description="0.115A Id, 60V Vds, N-Channel MOSFET, SOT-23"/>
      <property name="Sheetname" value=""/>
      <property name="Sheetfile" value="lucidVrGloves.kicad_sch"/>
      <sheetpath names="/" tstamps="/"/>
      <tstamps>cb4cd52e-89c9-4c81-b599-dddce55fdd44</tstamps>
    </comp>
    <comp ref="Q3">
      <value>IRLML6344</value>
      <footprint>Package_TO_SOT_SMD:SOT-23</footprint>
      <datasheet>https://www.onsemi.com/pub/Collateral/NDS7002A-D.PDF</datasheet>
      <libsource lib="Transistor_FET" part="2N7002" description="0.115A Id, 60V Vds, N-Channel MOSFET, SOT-23"/>
      <property name="Sheetname" value=""/>
      <property name="Sheetfile" value="lucidVrGloves.kicad_sch"/>
      <sheetpath names="/" tstamps="/"/>
      <tstamps>ed6c2501-8cd9-48cb-8211-05473df8a3a5</tstamps>
    </comp>
    <comp ref="Q4">
      <value>IRLML6344</value>
      <footprint>Package_TO_SOT_SMD:SOT-23</footprint>
      <datasheet>https://www.onsemi.com/pub/Collateral/NDS7002A-D.PDF</datasheet>
      <libsource lib="Transistor_FET" part="2N7002" description="0.115A Id, 60V Vds, N-Channel MOSFET, SOT-23"/>
      <property name="Sheetname" value=""/>
      <property name="Sheetfile" value="lucidVrGloves.kicad_sch"/>
      <sheetpath names="/" tstamps="/"/>
      <tstamps>90b6531b-05ac-447b-997a-74df9da40b5b</tstamps>
    </comp>
    <comp ref="Q5">
      <value>IRLML6344</value>
      <footprint>Package_TO_SOT_SMD:SOT-23</footprint>
      <datasheet>https://www.onsemi.com/pub/Collateral/NDS7002A-D.PDF</datasheet>
      <libsource lib="Transistor_FET" part="2N7002" description="0.115A Id, 60V Vds, N-Channel MOSFET, SOT-23"/>
      <property name="Sheetname" value=""/>
      <property name="Sheetfile" value="lucidVrGloves.kicad_sch"/>
      <sheetpath names="/" tstamps="/"/>
      <tstamps>4bffc767-6024-4f11-986c-30b0b99b9471</tstamps>
    </comp>
    <comp ref="Q6">
      <value>IRLML6344</value>
      <footprint>Package_TO_SOT_SMD:SOT-23</footprint>
      <datasheet>https://www.onsemi.com/pub/Collateral/NDS7002A-D.PDF</datasheet>
      <libsource lib="Transistor_FET" part="2N7002" description="0.115A Id, 60V Vds, N-Channel MOSFET, SOT-23"/>
      <property name="Sheetname" value=""/>
      <property name="Sheetfile" value="lucidVrGloves.kicad_sch"/>
      <sheetpath names="/" tstamps="/"/>
      <tstamps>b2387f0c-e9bb-460d-ac44-7d14d4004bbc</tstamps>
    </comp>
    <comp ref="Q7">
      <value>IRLML6344</value>
      <footprint>Package_TO_SOT_SMD:SOT-23</footprint>
      <datasheet>https://www.onsemi.com/pub/Collateral/NDS7002A-D.PDF</datasheet>
      <libsource lib="Transistor_FET" part="2N7002" description="0.115A Id, 60V Vds, N-Channel MOSFET, SOT-23"/>
      <property name="Sheetname" value=""/>
      <property name="Sheetfile" value="lucidVrGloves.kicad_sch"/>
      <sheetpath names="/" tstamps="/"/>
      <tstamps>e42a8823-16a4-4f0f-bece-0817bb03ba9a</tstamps>
    </comp>
    <comp ref="Q8">
      <value>IRLML6344</value>
      <footprint>Package_TO_SOT_SMD:SOT-23</footprint>
      <datasheet>https://www.onsemi.com/pub/Collateral/NDS7002A-D.PDF</datasheet>
      <libsource lib="Transistor_FET" part="2N7002" description="0.115A Id, 60V Vds, N-Channel MOSFET, SOT-23"/>
      <property name="Sheetname" value=""/>
      <property name="Sheetfile" value="lucidVrGloves.kicad_sch"/>
      <sheetpath names="/" tstamps="/"/>
      <tstamps>c4fe91e4-0b9a-4f03-8201-91cb8f0b2006</tstamps>
    </comp>
    <comp ref="R1">
      <value>1</value>
      <footprint>Resistor_SMD:R_0805_2012Metric_Pad1.20x1.40mm_HandSolder</footprint>
      <libsource lib="Device" part="R" description="Resistor"/>
      <property name="Sheetname" value=""/>
      <property name="Sheetfile" value="lucidVrGloves.kicad_sch"/>
      <sheetpath names="/" tstamps="/"/>
      <tstamps>05bf3540-7786-494d-b0b8-5376db727102</tstamps>
    </comp>
    <comp ref="R2">
      <value>5.1K</value>
      <footprint>Resistor_SMD:R_0805_2012Metric_Pad1.20x1.40mm_HandSolder</footprint>
      <libsource lib="Device" part="R" description="Resistor"/>
      <property name="Sheetname" value=""/>
      <property name="Sheetfile" value="lucidVrGloves.kicad_sch"/>
      <sheetpath names="/" tstamps="/"/>
      <tstamps>f720283f-b94e-4e98-b697-8d27d57b1d26</tstamps>
    </comp>
    <comp ref="R3">
      <value>10K</value>
      <footprint>Resistor_SMD:R_0805_2012Metric_Pad1.20x1.40mm_HandSolder</footprint>
      <libsource lib="Device" part="R" description="Resistor"/>
      <property name="Sheetname" value=""/>
      <property name="Sheetfile" value="lucidVrGloves.kicad_sch"/>
      <sheetpath names="/" tstamps="/"/>
      <tstamps>a0ba139c-2220-4cf6-98dc-8ca40ae6d764</tstamps>
    </comp>
    <comp ref="R4">
      <value>10K</value>
      <footprint>Resistor_SMD:R_0805_2012Metric_Pad1.20x1.40mm_HandSolder</footprint>
      <libsource lib="Device" part="R" description="Resistor"/>
      <property name="Sheetname" value=""/>
      <property name="Sheetfile" value="lucidVrGloves.kicad_sch"/>
      <sheetpath names="/" tstamps="/"/>
      <tstamps>65124972-ff9d-47ac-b25b-c50414070533</tstamps>
    </comp>
    <comp ref="R5">
      <value>65</value>
      <footprint>Resistor_SMD:R_0805_2012Metric_Pad1.20x1.40mm_HandSolder</footprint>
      <libsource lib="Device" part="R" description="Resistor"/>
      <property name="Sheetname" value=""/>
      <property name="Sheetfile" value="lucidVrGloves.kicad_sch"/>
      <sheetpath names="/" tstamps="/"/>
      <tstamps>e4b485ed-8550-4756-ad0f-b32ccb344152</tstamps>
    </comp>
    <comp ref="R6">
      <value>4.7K</value>
      <footprint>Resistor_SMD:R_0805_2012Metric_Pad1.20x1.40mm_HandSolder</footprint>
      <libsource lib="Device" part="R" description="Resistor"/>
      <property name="Sheetname" value=""/>
      <property name="Sheetfile" value="lucidVrGloves.kicad_sch"/>
      <sheetpath names="/" tstamps="/"/>
      <tstamps>8e034466-5fd0-4da3-8a2e-7011fb521ce2</tstamps>
    </comp>
    <comp ref="R7">
      <value>4.7K</value>
      <footprint>Resistor_SMD:R_0805_2012Metric_Pad1.20x1.40mm_HandSolder</footprint>
      <libsource lib="Device" part="R" description="Resistor"/>
      <property name="Sheetname" value=""/>
      <property name="Sheetfile" value="lucidVrGloves.kicad_sch"/>
      <sheetpath names="/" tstamps="/"/>
      <tstamps>10c08383-3e9a-4a0e-8ded-b151e902e760</tstamps>
    </comp>
    <comp ref="R8">
      <value>10k</value>
      <footprint>Resistor_SMD:R_0805_2012Metric_Pad1.20x1.40mm_HandSolder</footprint>
      <libsource lib="Device" part="R" description="Resistor"/>
      <property name="Sheetname" value=""/>
      <property name="Sheetfile" value="lucidVrGloves.kicad_sch"/>
      <sheetpath names="/" tstamps="/"/>
      <tstamps>f8209827-62d8-484e-99f6-50fc24c01c98</tstamps>
    </comp>
    <comp ref="R9">
      <value>1k</value>
      <footprint>Resistor_SMD:R_0805_2012Metric_Pad1.20x1.40mm_HandSolder</footprint>
      <libsource lib="Device" part="R" description="Resistor"/>
      <property name="Sheetname" value=""/>
      <property name="Sheetfile" value="lucidVrGloves.kicad_sch"/>
      <sheetpath names="/" tstamps="/"/>
      <tstamps>aaadd429-df27-40fe-92fa-47bb63010f16</tstamps>
    </comp>
    <comp ref="R10">
      <value>4k</value>
      <footprint>Resistor_SMD:R_0805_2012Metric_Pad1.20x1.40mm_HandSolder</footprint>
      <libsource lib="Device" part="R" description="Resistor"/>
      <property name="Sheetname" value=""/>
      <property name="Sheetfile" value="lucidVrGloves.kicad_sch"/>
      <sheetpath names="/" tstamps="/"/>
      <tstamps>6e2885dd-17ab-47b6-9942-253372ca73ed</tstamps>
    </comp>
    <comp ref="R11">
      <value>16k</value>
      <footprint>Resistor_SMD:R_0805_2012Metric_Pad1.20x1.40mm_HandSolder</footprint>
      <libsource lib="Device" part="R" description="Resistor"/>
      <property name="Sheetname" value=""/>
      <property name="Sheetfile" value="lucidVrGloves.kicad_sch"/>
      <sheetpath names="/" tstamps="/"/>
      <tstamps>a0d56087-59d9-4a80-9ba2-df2e3b1d50cf</tstamps>
    </comp>
    <comp ref="R12">
      <value>2k</value>
      <footprint>Resistor_SMD:R_0805_2012Metric_Pad1.20x1.40mm_HandSolder</footprint>
      <libsource lib="Device" part="R" description="Resistor"/>
      <property name="Sheetname" value=""/>
      <property name="Sheetfile" value="lucidVrGloves.kicad_sch"/>
      <sheetpath names="/" tstamps="/"/>
      <tstamps>4899137c-b5cb-43e9-a228-430fc9f92e26</tstamps>
    </comp>
    <comp ref="R13">
      <value>8k</value>
      <footprint>Resistor_SMD:R_0805_2012Metric_Pad1.20x1.40mm_HandSolder</footprint>
      <libsource lib="Device" part="R" description="Resistor"/>
      <property name="Sheetname" value=""/>
      <property name="Sheetfile" value="lucidVrGloves.kicad_sch"/>
      <sheetpath names="/" tstamps="/"/>
      <tstamps>3151fd46-e2ee-4785-81e6-eeed6bb5bd63</tstamps>
    </comp>
    <comp ref="R14">
      <value>32k</value>
      <footprint>Resistor_SMD:R_0805_2012Metric_Pad1.20x1.40mm_HandSolder</footprint>
      <libsource lib="Device" part="R" description="Resistor"/>
      <property name="Sheetname" value=""/>
      <property name="Sheetfile" value="lucidVrGloves.kicad_sch"/>
      <sheetpath names="/" tstamps="/"/>
      <tstamps>101c03ba-e783-439a-b859-21154626d953</tstamps>
    </comp>
    <comp ref="SW1">
      <value>Power</value>
      <footprint>Connector_PinHeader_2.54mm:PinHeader_1x02_P2.54mm_Vertical</footprint>
      <libsource lib="Switch" part="SW_SPST" description="Single Pole Single Throw (SPST) switch"/>
      <property name="Sheetname" value=""/>
      <property name="Sheetfile" value="lucidVrGloves.kicad_sch"/>
      <sheetpath names="/" tstamps="/"/>
      <tstamps>590fa102-23f5-4429-bfb8-f4d3012c6d66</tstamps>
    </comp>
    <comp ref="SW2">
      <value>Calibration button</value>
      <footprint>Button_Switch_SMD:SW_SPST_B3S-1000</footprint>
      <libsource lib="Switch" part="SW_Push" description="Push button switch, generic, two pins"/>
      <property name="Sheetname" value=""/>
      <property name="Sheetfile" value="lucidVrGloves.kicad_sch"/>
      <sheetpath names="/" tstamps="/"/>
      <tstamps>b9ed4cbb-10f8-4768-9128-c8afc55ee027</tstamps>
    </comp>
    <comp ref="U1">
      <value>TLV1117-3.3</value>
      <footprint>Package_TO_SOT_SMD:SOT-223-3_TabPin2</footprint>
      <datasheet>http://www.advanced-monolithic.com/pdf/ds1117.pdf</datasheet>
      <libsource lib="Regulator_Linear" part="AMS1117-3.3" description="1A Low Dropout regulator, positive, 3.3V fixed output, SOT-223"/>
      <property name="Sheetname" value=""/>
      <property name="Sheetfile" value="lucidVrGloves.kicad_sch"/>
      <sheetpath names="/" tstamps="/"/>
      <tstamps>856fa8f5-a9f7-4fc0-bea1-e3d36329eb4d</tstamps>
    </comp>
    <comp ref="U2">
      <value>Master</value>
      <footprint>RF_Module:ESP32-WROOM-32</footprint>
      <datasheet>https://www.espressif.com/sites/default/files/documentation/esp32-wroom-32_datasheet_en.pdf</datasheet>
      <libsource lib="RF_Module" part="ESP32-WROOM-32" description="RF Module, ESP32-D0WDQ6 SoC, Wi-Fi 802.11b/g/n, Bluetooth, BLE, 32-bit, 2.7-3.6V, onboard antenna, SMD"/>
      <property name="Sheetname" value=""/>
      <property name="Sheetfile" value="lucidVrGloves.kicad_sch"/>
      <sheetpath names="/" tstamps="/"/>
      <tstamps>59b0678c-a7da-436e-8de2-58f3e1e0716a</tstamps>
    </comp>
    <comp ref="U3">
      <value>CD74HC4067M</value>
      <footprint>CD74HC4067M:SOP65P780X200-24N</footprint>
      <datasheet>http://www.ti.com/lit/ds/symlink/cd74hc4067.pdf</datasheet>
      <libsource lib="74xx" part="CD74HC4067M" description="High-Speed CMOS Logic 16-Channel Analog Multiplexer/Demultiplexer, SOIC-24"/>
      <property name="Sheetname" value=""/>
      <property name="Sheetfile" value="lucidVrGloves.kicad_sch"/>
      <sheetpath names="/" tstamps="/"/>
      <tstamps>0bad20fa-ab6f-45d1-b71e-b027fb70a6be</tstamps>
    </comp>
    <comp ref="U4">
      <value>74HC595</value>
      <footprint>Package_SO:SOIC-16_3.9x9.9mm_P1.27mm</footprint>
      <datasheet>http://www.ti.com/lit/ds/symlink/sn74hc595.pdf</datasheet>
      <libsource lib="74xx" part="74HC595" description="8-bit serial in/out Shift Register 3-State Outputs"/>
      <property name="Sheetname" value=""/>
      <property name="Sheetfile" value="lucidVrGloves.kicad_sch"/>
      <sheetpath names="/" tstamps="/"/>
      <tstamps>6d7fc4a4-dae1-49d4-ab83-536da116afa4</tstamps>
    </comp>
  </components>
  <libparts>
    <libpart lib="74xx" part="74HC595">
      <description>8-bit serial in/out Shift Register 3-State Outputs</description>
      <docs>http://www.ti.com/lit/ds/symlink/sn74hc595.pdf</docs>
      <footprints>
        <fp>DIP*W7.62mm*</fp>
        <fp>SOIC*3.9x9.9mm*P1.27mm*</fp>
        <fp>TSSOP*4.4x5mm*P0.65mm*</fp>
        <fp>SOIC*5.3x10.2mm*P1.27mm*</fp>
        <fp>SOIC*7.5x10.3mm*P1.27mm*</fp>
      </footprints>
      <fields>
        <field name="Reference">U</field>
        <field name="Value">74HC595</field>
        <field name="Datasheet">http://www.ti.com/lit/ds/symlink/sn74hc595.pdf</field>
      </fields>
      <pins>
        <pin num="1" name="QB" type="tri_state"/>
        <pin num="2" name="QC" type="tri_state"/>
        <pin num="3" name="QD" type="tri_state"/>
        <pin num="4" name="QE" type="tri_state"/>
        <pin num="5" name="QF" type="tri_state"/>
        <pin num="6" name="QG" type="tri_state"/>
        <pin num="7" name="QH" type="tri_state"/>
        <pin num="8" name="GND" type="power_in"/>
        <pin num="9" name="QH'" type="output"/>
        <pin num="10" name="~{SRCLR}" type="input"/>
        <pin num="11" name="SRCLK" type="input"/>
        <pin num="12" name="RCLK" type="input"/>
        <pin num="13" name="~{OE}" type="input"/>
        <pin num="14" name="SER" type="input"/>
        <pin num="15" name="QA" type="tri_state"/>
        <pin num="16" name="VCC" type="power_in"/>
      </pins>
    </libpart>
    <libpart lib="74xx" part="CD74HC4067M">
      <description>High-Speed CMOS Logic 16-Channel Analog Multiplexer/Demultiplexer, SOIC-24</description>
      <docs>http://www.ti.com/lit/ds/symlink/cd74hc4067.pdf</docs>
      <footprints>
        <fp>SOIC*W*7.5x15.4mm*P1.27mm*</fp>
      </footprints>
      <fields>
        <field name="Reference">U</field>
        <field name="Value">CD74HC4067M</field>
        <field name="Footprint">Package_SO:SOIC-24W_7.5x15.4mm_P1.27mm</field>
        <field name="Datasheet">http://www.ti.com/lit/ds/symlink/cd74hc4067.pdf</field>
      </fields>
      <pins>
        <pin num="1" name="COM" type="passive"/>
        <pin num="2" name="I7" type="passive"/>
        <pin num="3" name="I6" type="passive"/>
        <pin num="4" name="I5" type="passive"/>
        <pin num="5" name="I4" type="passive"/>
        <pin num="6" name="I3" type="passive"/>
        <pin num="7" name="I2" type="passive"/>
        <pin num="8" name="I1" type="passive"/>
        <pin num="9" name="I0" type="passive"/>
        <pin num="10" name="S0" type="input"/>
        <pin num="11" name="S1" type="input"/>
        <pin num="12" name="GND" type="power_in"/>
        <pin num="13" name="S3" type="input"/>
        <pin num="14" name="S2" type="input"/>
        <pin num="15" name="~{E}" type="input"/>
        <pin num="16" name="I15" type="passive"/>
        <pin num="17" name="I14" type="passive"/>
        <pin num="18" name="I13" type="passive"/>
        <pin num="19" name="I12" type="passive"/>
        <pin num="20" name="I11" type="passive"/>
        <pin num="21" name="I10" type="passive"/>
        <pin num="22" name="I9" type="passive"/>
        <pin num="23" name="I8" type="passive"/>
        <pin num="24" name="VCC" type="power_in"/>
      </pins>
    </libpart>
    <libpart lib="Connector" part="Conn_01x02_Male">
      <description>Generic connector, single row, 01x02, script generated (kicad-library-utils/schlib/autogen/connector/)</description>
      <docs>~</docs>
      <footprints>
        <fp>Connector*:*_1x??_*</fp>
      </footprints>
      <fields>
        <field name="Reference">J</field>
        <field name="Value">Conn_01x02_Male</field>
        <field name="Datasheet">~</field>
      </fields>
      <pins>
        <pin num="1" name="Pin_1" type="passive"/>
        <pin num="2" name="Pin_2" type="passive"/>
      </pins>
    </libpart>
    <libpart lib="Connector" part="USB_C_Receptacle_USB2.0">
      <description>USB 2.0-only Type-C Receptacle connector</description>
      <docs>https://www.usb.org/sites/default/files/documents/usb_type-c.zip</docs>
      <footprints>
        <fp>USB*C*Receptacle*</fp>
      </footprints>
      <fields>
        <field name="Reference">J</field>
        <field name="Value">USB_C_Receptacle_USB2.0</field>
        <field name="Datasheet">https://www.usb.org/sites/default/files/documents/usb_type-c.zip</field>
      </fields>
      <pins>
        <pin num="A1" name="GND" type="passive"/>
        <pin num="A4" name="VBUS" type="passive"/>
        <pin num="A5" name="CC1" type="bidirectional"/>
        <pin num="A6" name="D+" type="bidirectional"/>
        <pin num="A7" name="D-" type="bidirectional"/>
        <pin num="A8" name="SBU1" type="bidirectional"/>
        <pin num="A9" name="VBUS" type="passive"/>
        <pin num="A12" name="GND" type="passive"/>
        <pin num="B1" name="GND" type="passive"/>
        <pin num="B4" name="VBUS" type="passive"/>
        <pin num="B5" name="CC2" type="bidirectional"/>
        <pin num="B6" name="D+" type="bidirectional"/>
        <pin num="B7" name="D-" type="bidirectional"/>
        <pin num="B8" name="SBU2" type="bidirectional"/>
        <pin num="B9" name="VBUS" type="passive"/>
        <pin num="B12" name="GND" type="passive"/>
        <pin num="S1" name="SHIELD" type="passive"/>
      </pins>
    </libpart>
    <libpart lib="Connector_Generic" part="Conn_01x02">
      <description>Generic connector, single row, 01x02, script generated (kicad-library-utils/schlib/autogen/connector/)</description>
      <docs>~</docs>
      <footprints>
        <fp>Connector*:*_1x??_*</fp>
      </footprints>
      <fields>
        <field name="Reference">J</field>
        <field name="Value">Conn_01x02</field>
        <field name="Datasheet">~</field>
      </fields>
      <pins>
        <pin num="1" name="Pin_1" type="passive"/>
        <pin num="2" name="Pin_2" type="passive"/>
      </pins>
    </libpart>
    <libpart lib="Connector_Generic" part="Conn_01x04">
      <description>Generic connector, single row, 01x04, script generated (kicad-library-utils/schlib/autogen/connector/)</description>
      <docs>~</docs>
      <footprints>
        <fp>Connector*:*_1x??_*</fp>
      </footprints>
      <fields>
        <field name="Reference">J</field>
        <field name="Value">Conn_01x04</field>
        <field name="Datasheet">~</field>
      </fields>
      <pins>
        <pin num="1" name="Pin_1" type="passive"/>
        <pin num="2" name="Pin_2" type="passive"/>
        <pin num="3" name="Pin_3" type="passive"/>
        <pin num="4" name="Pin_4" type="passive"/>
      </pins>
    </libpart>
    <libpart lib="Connector_Generic" part="Conn_01x05">
      <description>Generic connector, single row, 01x05, script generated (kicad-library-utils/schlib/autogen/connector/)</description>
      <docs>~</docs>
      <footprints>
        <fp>Connector*:*_1x??_*</fp>
      </footprints>
      <fields>
        <field name="Reference">J</field>
        <field name="Value">Conn_01x05</field>
        <field name="Datasheet">~</field>
      </fields>
      <pins>
        <pin num="1" name="Pin_1" type="passive"/>
        <pin num="2" name="Pin_2" type="passive"/>
        <pin num="3" name="Pin_3" type="passive"/>
        <pin num="4" name="Pin_4" type="passive"/>
        <pin num="5" name="Pin_5" type="passive"/>
      </pins>
    </libpart>
    <libpart lib="Connector_Generic" part="Conn_02x02_Odd_Even">
      <description>Generic connector, double row, 02x02, odd/even pin numbering scheme (row 1 odd numbers, row 2 even numbers), script generated (kicad-library-utils/schlib/autogen/connector/)</description>
      <docs>~</docs>
      <footprints>
        <fp>Connector*:*_2x??_*</fp>
      </footprints>
      <fields>
        <field name="Reference">J</field>
        <field name="Value">Conn_02x02_Odd_Even</field>
        <field name="Datasheet">~</field>
      </fields>
      <pins>
        <pin num="1" name="Pin_1" type="passive"/>
        <pin num="2" name="Pin_2" type="passive"/>
        <pin num="3" name="Pin_3" type="passive"/>
        <pin num="4" name="Pin_4" type="passive"/>
      </pins>
    </libpart>
    <libpart lib="Connector_Generic" part="Conn_02x03_Odd_Even">
      <description>Generic connector, double row, 02x03, odd/even pin numbering scheme (row 1 odd numbers, row 2 even numbers), script generated (kicad-library-utils/schlib/autogen/connector/)</description>
      <docs>~</docs>
      <footprints>
        <fp>Connector*:*_2x??_*</fp>
      </footprints>
      <fields>
        <field name="Reference">J</field>
        <field name="Value">Conn_02x03_Odd_Even</field>
        <field name="Datasheet">~</field>
      </fields>
      <pins>
        <pin num="1" name="Pin_1" type="passive"/>
        <pin num="2" name="Pin_2" type="passive"/>
        <pin num="3" name="Pin_3" type="passive"/>
        <pin num="4" name="Pin_4" type="passive"/>
        <pin num="5" name="Pin_5" type="passive"/>
        <pin num="6" name="Pin_6" type="passive"/>
      </pins>
    </libpart>
    <libpart lib="Connector_Generic" part="Conn_02x04_Odd_Even">
      <description>Generic connector, double row, 02x04, odd/even pin numbering scheme (row 1 odd numbers, row 2 even numbers), script generated (kicad-library-utils/schlib/autogen/connector/)</description>
      <docs>~</docs>
      <footprints>
        <fp>Connector*:*_2x??_*</fp>
      </footprints>
      <fields>
        <field name="Reference">J</field>
        <field name="Value">Conn_02x04_Odd_Even</field>
        <field name="Datasheet">~</field>
      </fields>
      <pins>
        <pin num="1" name="Pin_1" type="passive"/>
        <pin num="2" name="Pin_2" type="passive"/>
        <pin num="3" name="Pin_3" type="passive"/>
        <pin num="4" name="Pin_4" type="passive"/>
        <pin num="5" name="Pin_5" type="passive"/>
        <pin num="6" name="Pin_6" type="passive"/>
        <pin num="7" name="Pin_7" type="passive"/>
        <pin num="8" name="Pin_8" type="passive"/>
      </pins>
    </libpart>
    <libpart lib="Connector_Generic" part="Conn_02x08_Odd_Even">
      <description>Generic connector, double row, 02x08, odd/even pin numbering scheme (row 1 odd numbers, row 2 even numbers), script generated (kicad-library-utils/schlib/autogen/connector/)</description>
      <docs>~</docs>
      <footprints>
        <fp>Connector*:*_2x??_*</fp>
      </footprints>
      <fields>
        <field name="Reference">J</field>
        <field name="Value">Conn_02x08_Odd_Even</field>
        <field name="Datasheet">~</field>
      </fields>
      <pins>
        <pin num="1" name="Pin_1" type="passive"/>
        <pin num="2" name="Pin_2" type="passive"/>
        <pin num="3" name="Pin_3" type="passive"/>
        <pin num="4" name="Pin_4" type="passive"/>
        <pin num="5" name="Pin_5" type="passive"/>
        <pin num="6" name="Pin_6" type="passive"/>
        <pin num="7" name="Pin_7" type="passive"/>
        <pin num="8" name="Pin_8" type="passive"/>
        <pin num="9" name="Pin_9" type="passive"/>
        <pin num="10" name="Pin_10" type="passive"/>
        <pin num="11" name="Pin_11" type="passive"/>
        <pin num="12" name="Pin_12" type="passive"/>
        <pin num="13" name="Pin_13" type="passive"/>
        <pin num="14" name="Pin_14" type="passive"/>
        <pin num="15" name="Pin_15" type="passive"/>
        <pin num="16" name="Pin_16" type="passive"/>
      </pins>
    </libpart>
    <libpart lib="Device" part="C">
      <description>Unpolarized capacitor</description>
      <docs>~</docs>
      <footprints>
        <fp>C_*</fp>
      </footprints>
      <fields>
        <field name="Reference">C</field>
        <field name="Value">C</field>
        <field name="Datasheet">~</field>
      </fields>
      <pins>
        <pin num="1" name="" type="passive"/>
        <pin num="2" name="" type="passive"/>
      </pins>
    </libpart>
    <libpart lib="Device" part="C_Polarized">
      <description>Polarized capacitor</description>
      <docs>~</docs>
      <footprints>
        <fp>CP_*</fp>
      </footprints>
      <fields>
        <field name="Reference">C</field>
        <field name="Value">C_Polarized</field>
        <field name="Datasheet">~</field>
      </fields>
      <pins>
        <pin num="1" name="" type="passive"/>
        <pin num="2" name="" type="passive"/>
      </pins>
    </libpart>
    <libpart lib="Device" part="D">
      <description>Diode</description>
      <docs>~</docs>
      <footprints>
        <fp>TO-???*</fp>
        <fp>*_Diode_*</fp>
        <fp>*SingleDiode*</fp>
        <fp>D_*</fp>
      </footprints>
      <fields>
        <field name="Reference">D</field>
        <field name="Value">D</field>
        <field name="Datasheet">~</field>
      </fields>
      <pins>
        <pin num="1" name="K" type="passive"/>
        <pin num="2" name="A" type="passive"/>
      </pins>
    </libpart>
    <libpart lib="Device" part="LED">
      <description>Light emitting diode</description>
      <docs>~</docs>
      <footprints>
        <fp>LED*</fp>
        <fp>LED_SMD:*</fp>
        <fp>LED_THT:*</fp>
      </footprints>
      <fields>
        <field name="Reference">D</field>
        <field name="Value">LED</field>
        <field name="Datasheet">~</field>
      </fields>
      <pins>
        <pin num="1" name="K" type="passive"/>
        <pin num="2" name="A" type="passive"/>
      </pins>
    </libpart>
    <libpart lib="Device" part="R">
      <description>Resistor</description>
      <docs>~</docs>
      <footprints>
        <fp>R_*</fp>
      </footprints>
      <fields>
        <field name="Reference">R</field>
        <field name="Value">R</field>
        <field name="Datasheet">~</field>
      </fields>
      <pins>
        <pin num="1" name="" type="passive"/>
        <pin num="2" name="" type="passive"/>
      </pins>
    </libpart>
    <libpart lib="Jumper" part="SolderJumper_3_Open">
      <description>Solder Jumper, 3-pole, open</description>
      <docs>~</docs>
      <footprints>
        <fp>SolderJumper*Open*</fp>
      </footprints>
      <fields>
        <field name="Reference">JP</field>
        <field name="Value">SolderJumper_3_Open</field>
        <field name="Datasheet">~</field>
      </fields>
      <pins>
        <pin num="1" name="A" type="passive"/>
        <pin num="2" name="C" type="passive"/>
        <pin num="3" name="B" type="passive"/>
      </pins>
    </libpart>
    <libpart lib="Motor" part="Motor_Servo">
      <description>Servo Motor (Futaba, HiTec, JR connector)</description>
      <docs>http://forums.parallax.com/uploads/attachments/46831/74481.png</docs>
      <footprints>
        <fp>PinHeader*P2.54mm*</fp>
      </footprints>
      <fields>
        <field name="Reference">M</field>
        <field name="Value">Motor_Servo</field>
        <field name="Datasheet">http://forums.parallax.com/uploads/attachments/46831/74481.png</field>
      </fields>
      <pins>
        <pin num="1" name="PWM" type="passive"/>
        <pin num="2" name="+" type="passive"/>
        <pin num="3" name="-" type="passive"/>
      </pins>
    </libpart>
    <libpart lib="RF_Module" part="ESP32-WROOM-32">
      <description>RF Module, ESP32-D0WDQ6 SoC, Wi-Fi 802.11b/g/n, Bluetooth, BLE, 32-bit, 2.7-3.6V, onboard antenna, SMD</description>
      <docs>https://www.espressif.com/sites/default/files/documentation/esp32-wroom-32_datasheet_en.pdf</docs>
      <footprints>
        <fp>ESP32?WROOM?32*</fp>
      </footprints>
      <fields>
        <field name="Reference">U</field>
        <field name="Value">ESP32-WROOM-32</field>
        <field name="Footprint">RF_Module:ESP32-WROOM-32</field>
        <field name="Datasheet">https://www.espressif.com/sites/default/files/documentation/esp32-wroom-32_datasheet_en.pdf</field>
      </fields>
      <pins>
        <pin num="1" name="GND" type="power_in"/>
        <pin num="2" name="VDD" type="power_in"/>
        <pin num="3" name="EN" type="input"/>
        <pin num="4" name="SENSOR_VP" type="input"/>
        <pin num="5" name="SENSOR_VN" type="input"/>
        <pin num="6" name="IO34" type="input"/>
        <pin num="7" name="IO35" type="input"/>
        <pin num="8" name="IO32" type="bidirectional"/>
        <pin num="9" name="IO33" type="bidirectional"/>
        <pin num="10" name="IO25" type="bidirectional"/>
        <pin num="11" name="IO26" type="bidirectional"/>
        <pin num="12" name="IO27" type="bidirectional"/>
        <pin num="13" name="IO14" type="bidirectional"/>
        <pin num="14" name="IO12" type="bidirectional"/>
        <pin num="15" name="GND" type="passive"/>
        <pin num="16" name="IO13" type="bidirectional"/>
        <pin num="17" name="SHD/SD2" type="bidirectional"/>
        <pin num="18" name="SWP/SD3" type="bidirectional"/>
        <pin num="19" name="SCS/CMD" type="bidirectional"/>
        <pin num="20" name="SCK/CLK" type="bidirectional"/>
        <pin num="21" name="SDO/SD0" type="bidirectional"/>
        <pin num="22" name="SDI/SD1" type="bidirectional"/>
        <pin num="23" name="IO15" type="bidirectional"/>
        <pin num="24" name="IO2" type="bidirectional"/>
        <pin num="25" name="IO0" type="bidirectional"/>
        <pin num="26" name="IO4" type="bidirectional"/>
        <pin num="27" name="IO16" type="bidirectional"/>
        <pin num="28" name="IO17" type="bidirectional"/>
        <pin num="29" name="IO5" type="bidirectional"/>
        <pin num="30" name="IO18" type="bidirectional"/>
        <pin num="31" name="IO19" type="bidirectional"/>
        <pin num="32" name="NC" type="no_connect"/>
        <pin num="33" name="IO21" type="bidirectional"/>
        <pin num="34" name="RXD0/IO3" type="bidirectional"/>
        <pin num="35" name="TXD0/IO1" type="bidirectional"/>
        <pin num="36" name="IO22" type="bidirectional"/>
        <pin num="37" name="IO23" type="bidirectional"/>
        <pin num="38" name="GND" type="passive"/>
        <pin num="39" name="GND" type="passive"/>
      </pins>
    </libpart>
    <libpart lib="Regulator_Linear" part="AMS1117-3.3">
      <description>1A Low Dropout regulator, positive, 3.3V fixed output, SOT-223</description>
      <docs>http://www.advanced-monolithic.com/pdf/ds1117.pdf</docs>
      <footprints>
        <fp>SOT?223*TabPin2*</fp>
      </footprints>
      <fields>
        <field name="Reference">U</field>
        <field name="Value">AMS1117-3.3</field>
        <field name="Footprint">Package_TO_SOT_SMD:SOT-223-3_TabPin2</field>
        <field name="Datasheet">http://www.advanced-monolithic.com/pdf/ds1117.pdf</field>
      </fields>
      <pins>
        <pin num="1" name="GND" type="power_in"/>
        <pin num="2" name="VO" type="power_out"/>
        <pin num="3" name="VI" type="power_in"/>
      </pins>
    </libpart>
    <libpart lib="Switch" part="SW_Push">
      <description>Push button switch, generic, two pins</description>
      <docs>~</docs>
      <fields>
        <field name="Reference">SW</field>
        <field name="Value">SW_Push</field>
        <field name="Datasheet">~</field>
      </fields>
      <pins>
        <pin num="1" name="1" type="passive"/>
        <pin num="2" name="2" type="passive"/>
      </pins>
    </libpart>
    <libpart lib="Switch" part="SW_SPST">
      <description>Single Pole Single Throw (SPST) switch</description>
      <docs>~</docs>
      <fields>
        <field name="Reference">SW</field>
        <field name="Value">SW_SPST</field>
        <field name="Datasheet">~</field>
      </fields>
      <pins>
        <pin num="1" name="A" type="passive"/>
        <pin num="2" name="B" type="passive"/>
      </pins>
    </libpart>
    <libpart lib="Transistor_FET" part="2N7002">
      <description>0.115A Id, 60V Vds, N-Channel MOSFET, SOT-23</description>
      <docs>https://www.onsemi.com/pub/Collateral/NDS7002A-D.PDF</docs>
      <footprints>
        <fp>SOT?23*</fp>
      </footprints>
      <fields>
        <field name="Reference">Q</field>
        <field name="Value">2N7002</field>
        <field name="Footprint">Package_TO_SOT_SMD:SOT-23</field>
        <field name="Datasheet">https://www.onsemi.com/pub/Collateral/NDS7002A-D.PDF</field>
      </fields>
      <pins>
        <pin num="1" name="G" type="input"/>
        <pin num="2" name="S" type="passive"/>
        <pin num="3" name="D" type="passive"/>
      </pins>
    </libpart>
  </libparts>
  <libraries>
    <library logical="74xx">
      <uri>C:\Program Files\KiCad\6.0\share\kicad\symbols\/74xx.kicad_sym</uri>
    </library>
    <library logical="Connector">
      <uri>C:\Program Files\KiCad\6.0\share\kicad\symbols\/Connector.kicad_sym</uri>
    </library>
    <library logical="Connector_Generic">
      <uri>C:\Program Files\KiCad\6.0\share\kicad\symbols\/Connector_Generic.kicad_sym</uri>
    </library>
    <library logical="Device">
      <uri>C:\Program Files\KiCad\6.0\share\kicad\symbols\/Device.kicad_sym</uri>
    </library>
    <library logical="Jumper">
      <uri>C:\Program Files\KiCad\6.0\share\kicad\symbols\/Jumper.kicad_sym</uri>
    </library>
    <library logical="Motor">
      <uri>C:\Program Files\KiCad\6.0\share\kicad\symbols\/Motor.kicad_sym</uri>
    </library>
    <library logical="RF_Module">
      <uri>C:\Program Files\KiCad\6.0\share\kicad\symbols\/RF_Module.kicad_sym</uri>
    </library>
    <library logical="Regulator_Linear">
      <uri>C:\Program Files\KiCad\6.0\share\kicad\symbols\/Regulator_Linear.kicad_sym</uri>
    </library>
    <library logical="Switch">
      <uri>C:\Program Files\KiCad\6.0\share\kicad\symbols\/Switch.kicad_sym</uri>
    </library>
    <library logical="Transistor_FET">
      <uri>C:\Program Files\KiCad\6.0\share\kicad\symbols\/Transistor_FET.kicad_sym</uri>
    </library>
  </libraries>
  <nets>
    <net code="1" name="+3V3">
      <node ref="C5" pin="2" pintype="passive"/>
      <node ref="C7" pin="1" pintype="passive"/>
      <node ref="C9" pin="2" pintype="passive"/>
      <node ref="D1" pin="2" pinfunction="A" pintype="passive"/>
      <node ref="D10" pin="2" pinfunction="A" pintype="passive"/>
      <node ref="J1" pin="2" pinfunction="Pin_2" pintype="passive"/>
      <node ref="J6" pin="1" pinfunction="Pin_1" pintype="passive"/>
      <node ref="J7" pin="4" pinfunction="Pin_4" pintype="passive"/>
      <node ref="J9" pin="1" pinfunction="Pin_1" pintype="passive"/>
      <node ref="J9" pin="2" pinfunction="Pin_2" pintype="passive"/>
      <node ref="J9" pin="3" pinfunction="Pin_3" pintype="passive"/>
      <node ref="J9" pin="4" pinfunction="Pin_4" pintype="passive"/>
      <node ref="JP2" pin="3" pinfunction="B" pintype="passive"/>
      <node ref="R1" pin="2" pintype="passive"/>
      <node ref="R4" pin="1" pintype="passive"/>
      <node ref="R6" pin="2" pintype="passive"/>
      <node ref="R7" pin="2" pintype="passive"/>
      <node ref="R8" pin="1" pintype="passive"/>
      <node ref="U1" pin="2" pinfunction="VO" pintype="power_out"/>
      <node ref="U2" pin="2" pinfunction="VDD" pintype="power_in"/>
      <node ref="U3" pin="24" pinfunction="VCC" pintype="power_in"/>
      <node ref="U4" pin="10" pinfunction="~{SRCLR}" pintype="input"/>
      <node ref="U4" pin="16" pinfunction="VCC" pintype="power_in"/>
    </net>
    <net code="2" name="+5V">
      <node ref="C1" pin="1" pintype="passive"/>
      <node ref="C2" pin="1" pintype="passive"/>
      <node ref="D10" pin="1" pinfunction="K" pintype="passive"/>
      <node ref="JP1" pin="3" pinfunction="B" pintype="passive"/>
      <node ref="R2" pin="2" pintype="passive"/>
      <node ref="SW1" pin="2" pinfunction="B" pintype="passive"/>
      <node ref="U1" pin="3" pinfunction="VI" pintype="power_in"/>
    </net>
    <net code="3" name="/BOOT">
      <node ref="J1" pin="5" pinfunction="Pin_5" pintype="passive"/>
      <node ref="R5" pin="2" pintype="passive"/>
      <node ref="U2" pin="25" pinfunction="IO0" pintype="bidirectional"/>
    </net>
    <net code="4" name="/HALL1">
      <node ref="J12" pin="1" pinfunction="Pin_1" pintype="passive"/>
      <node ref="U3" pin="9" pinfunction="I0" pintype="passive"/>
    </net>
    <net code="5" name="/HALL2">
      <node ref="J12" pin="2" pinfunction="Pin_2" pintype="passive"/>
      <node ref="U3" pin="8" pinfunction="I1" pintype="passive"/>
    </net>
    <net code="6" name="/HALL3">
      <node ref="J12" pin="3" pinfunction="Pin_3" pintype="passive"/>
      <node ref="U3" pin="7" pinfunction="I2" pintype="passive"/>
    </net>
    <net code="7" name="/HALL4">
      <node ref="J12" pin="4" pinfunction="Pin_4" pintype="passive"/>
      <node ref="U3" pin="6" pinfunction="I3" pintype="passive"/>
    </net>
    <net code="8" name="/HALL5">
      <node ref="J12" pin="5" pinfunction="Pin_5" pintype="passive"/>
      <node ref="U3" pin="5" pinfunction="I4" pintype="passive"/>
    </net>
    <net code="9" name="/HALL6">
      <node ref="J12" pin="6" pinfunction="Pin_6" pintype="passive"/>
      <node ref="U3" pin="4" pinfunction="I5" pintype="passive"/>
    </net>
    <net code="10" name="/HALL7">
      <node ref="J12" pin="7" pinfunction="Pin_7" pintype="passive"/>
      <node ref="U3" pin="3" pinfunction="I6" pintype="passive"/>
    </net>
    <net code="11" name="/HALL8">
      <node ref="J12" pin="8" pinfunction="Pin_8" pintype="passive"/>
      <node ref="U3" pin="2" pinfunction="I7" pintype="passive"/>
    </net>
    <net code="12" name="/HALL9">
      <node ref="J12" pin="9" pinfunction="Pin_9" pintype="passive"/>
      <node ref="U3" pin="23" pinfunction="I8" pintype="passive"/>
    </net>
    <net code="13" name="/HALL10">
      <node ref="J12" pin="10" pinfunction="Pin_10" pintype="passive"/>
      <node ref="U3" pin="22" pinfunction="I9" pintype="passive"/>
    </net>
    <net code="14" name="/HALL11">
      <node ref="J12" pin="11" pinfunction="Pin_11" pintype="passive"/>
      <node ref="U3" pin="21" pinfunction="I10" pintype="passive"/>
    </net>
    <net code="15" name="/HALL12">
      <node ref="J12" pin="12" pinfunction="Pin_12" pintype="passive"/>
      <node ref="U3" pin="20" pinfunction="I11" pintype="passive"/>
    </net>
    <net code="16" name="/HALL13">
      <node ref="J12" pin="13" pinfunction="Pin_13" pintype="passive"/>
      <node ref="U3" pin="19" pinfunction="I12" pintype="passive"/>
    </net>
    <net code="17" name="/HALL14">
      <node ref="J12" pin="14" pinfunction="Pin_14" pintype="passive"/>
      <node ref="U3" pin="18" pinfunction="I13" pintype="passive"/>
    </net>
    <net code="18" name="/HALL15">
      <node ref="J12" pin="15" pinfunction="Pin_15" pintype="passive"/>
      <node ref="U3" pin="17" pinfunction="I14" pintype="passive"/>
    </net>
    <net code="19" name="/HALL16">
      <node ref="J12" pin="16" pinfunction="Pin_16" pintype="passive"/>
      <node ref="U3" pin="16" pinfunction="I15" pintype="passive"/>
    </net>
    <net code="21" name="/Joystick_SW">
      <node ref="J7" pin="1" pinfunction="Pin_1" pintype="passive"/>
      <node ref="U2" pin="31" pinfunction="IO19" pintype="bidirectional"/>
    </net>
    <net code="22" name="/Joystick_WRX">
      <node ref="J7" pin="3" pinfunction="Pin_3" pintype="passive"/>
      <node ref="U2" pin="7" pinfunction="IO35" pintype="input"/>
    </net>
    <net code="23" name="/Joystick_WRY">
      <node ref="J7" pin="2" pinfunction="Pin_2" pintype="passive"/>
      <node ref="U2" pin="6" pinfunction="IO34" pintype="input"/>
    </net>
    <net code="24" name="/MOTOR1">
      <node ref="Q1" pin="1" pinfunction="G" pintype="input"/>
      <node ref="U4" pin="15" pinfunction="QA" pintype="tri_state"/>
    </net>
    <net code="25" name="/MOTOR2">
      <node ref="Q5" pin="1" pinfunction="G" pintype="input"/>
      <node ref="U4" pin="1" pinfunction="QB" pintype="tri_state"/>
    </net>
    <net code="26" name="/MOTOR3">
      <node ref="Q2" pin="1" pinfunction="G" pintype="input"/>
      <node ref="U4" pin="2" pinfunction="QC" pintype="tri_state"/>
    </net>
    <net code="27" name="/MOTOR4">
      <node ref="Q6" pin="1" pinfunction="G" pintype="input"/>
      <node ref="U4" pin="3" pinfunction="QD" pintype="tri_state"/>
    </net>
    <net code="28" name="/MOTOR5">
      <node ref="Q3" pin="1" pinfunction="G" pintype="input"/>
      <node ref="U4" pin="4" pinfunction="QE" pintype="tri_state"/>
    </net>
    <net code="29" name="/MOTOR6">
      <node ref="Q7" pin="1" pinfunction="G" pintype="input"/>
      <node ref="U4" pin="5" pinfunction="QF" pintype="tri_state"/>
    </net>
    <net code="30" name="/MOTOR7">
      <node ref="Q4" pin="1" pinfunction="G" pintype="input"/>
      <node ref="U4" pin="6" pinfunction="QG" pintype="tri_state"/>
    </net>
    <net code="31" name="/MOTOR8">
      <node ref="Q8" pin="1" pinfunction="G" pintype="input"/>
      <node ref="U4" pin="7" pinfunction="QH" pintype="tri_state"/>
    </net>
    <net code="33" name="/MOTOR_PWR+">
      <node ref="C10" pin="1" pintype="passive"/>
      <node ref="C11" pin="1" pintype="passive"/>
      <node ref="D2" pin="1" pinfunction="K" pintype="passive"/>
      <node ref="D3" pin="1" pinfunction="K" pintype="passive"/>
      <node ref="D4" pin="1" pinfunction="K" pintype="passive"/>
      <node ref="D5" pin="1" pinfunction="K" pintype="passive"/>
      <node ref="D6" pin="1" pinfunction="K" pintype="passive"/>
      <node ref="D7" pin="1" pinfunction="K" pintype="passive"/>
      <node ref="D8" pin="1" pinfunction="K" pintype="passive"/>
      <node ref="D9" pin="1" pinfunction="K" pintype="passive"/>
      <node ref="JP2" pin="2" pinfunction="C" pintype="passive"/>
    </net>
    <net code="34" name="/MUX_COM">
      <node ref="U2" pin="4" pinfunction="SENSOR_VP" pintype="input"/>
      <node ref="U3" pin="1" pinfunction="COM" pintype="passive"/>
    </net>
    <net code="35" name="/MUX_S0">
      <node ref="U2" pin="14" pinfunction="IO12" pintype="bidirectional"/>
      <node ref="U3" pin="10" pinfunction="S0" pintype="input"/>
    </net>
    <net code="36" name="/MUX_S1">
      <node ref="U2" pin="16" pinfunction="IO13" pintype="bidirectional"/>
      <node ref="U3" pin="11" pinfunction="S1" pintype="input"/>
    </net>
    <net code="37" name="/MUX_S2">
      <node ref="U2" pin="13" pinfunction="IO14" pintype="bidirectional"/>
      <node ref="U3" pin="14" pinfunction="S2" pintype="input"/>
    </net>
    <net code="38" name="/MUX_S3">
      <node ref="U2" pin="23" pinfunction="IO15" pintype="bidirectional"/>
      <node ref="U3" pin="13" pinfunction="S3" pintype="input"/>
    </net>
    <net code="39" name="/RX">
      <node ref="J1" pin="1" pinfunction="Pin_1" pintype="passive"/>
      <node ref="U2" pin="35" pinfunction="TXD0/IO1" pintype="bidirectional"/>
    </net>
    <net code="40" name="/SCL">
      <node ref="J6" pin="3" pinfunction="Pin_3" pintype="passive"/>
      <node ref="R7" pin="1" pintype="passive"/>
      <node ref="U2" pin="36" pinfunction="IO22" pintype="bidirectional"/>
    </net>
    <net code="41" name="/SDA">
      <node ref="J6" pin="2" pinfunction="Pin_2" pintype="passive"/>
      <node ref="R6" pin="1" pintype="passive"/>
      <node ref="U2" pin="33" pinfunction="IO21" pintype="bidirectional"/>
    </net>
    <net code="42" name="/SERVO1">
      <node ref="M1" pin="1" pinfunction="PWM" pintype="passive"/>
      <node ref="U2" pin="37" pinfunction="IO23" pintype="bidirectional"/>
    </net>
    <net code="43" name="/SERVO2">
      <node ref="M2" pin="1" pinfunction="PWM" pintype="passive"/>
      <node ref="U2" pin="10" pinfunction="IO25" pintype="bidirectional"/>
    </net>
    <net code="44" name="/SERVO3">
      <node ref="M3" pin="1" pinfunction="PWM" pintype="passive"/>
      <node ref="U2" pin="11" pinfunction="IO26" pintype="bidirectional"/>
    </net>
    <net code="45" name="/SERVO4">
      <node ref="M4" pin="1" pinfunction="PWM" pintype="passive"/>
      <node ref="U2" pin="12" pinfunction="IO27" pintype="bidirectional"/>
    </net>
    <net code="46" name="/SERVO5">
      <node ref="M5" pin="1" pinfunction="PWM" pintype="passive"/>
      <node ref="U2" pin="8" pinfunction="IO32" pintype="bidirectional"/>
    </net>
    <net code="48" name="/SERVO_PWR+">
      <node ref="C6" pin="1" pintype="passive"/>
      <node ref="C8" pin="1" pintype="passive"/>
      <node ref="JP1" pin="2" pinfunction="C" pintype="passive"/>
      <node ref="M1" pin="2" pinfunction="+" pintype="passive"/>
      <node ref="M2" pin="2" pinfunction="+" pintype="passive"/>
      <node ref="M3" pin="2" pinfunction="+" pintype="passive"/>
      <node ref="M4" pin="2" pinfunction="+" pintype="passive"/>
      <node ref="M5" pin="2" pinfunction="+" pintype="passive"/>
    </net>
    <net code="49" name="/SHIFT_RCLK">
      <node ref="U2" pin="9" pinfunction="IO33" pintype="bidirectional"/>
      <node ref="U4" pin="12" pinfunction="RCLK" pintype="input"/>
    </net>
    <net code="50" name="/SHIFT_SER">
      <node ref="U2" pin="26" pinfunction="IO4" pintype="bidirectional"/>
      <node ref="U4" pin="14" pinfunction="SER" pintype="input"/>
    </net>
    <net code="51" name="/SHIFT_SRCLK">
      <node ref="U2" pin="29" pinfunction="IO5" pintype="bidirectional"/>
      <node ref="U4" pin="11" pinfunction="SRCLK" pintype="input"/>
    </net>
    <net code="52" name="/TRST">
      <node ref="C4" pin="2" pintype="passive"/>
      <node ref="J1" pin="4" pinfunction="Pin_4" pintype="passive"/>
      <node ref="R4" pin="2" pintype="passive"/>
      <node ref="U2" pin="3" pinfunction="EN" pintype="input"/>
    </net>
    <net code="53" name="/TX">
      <node ref="J1" pin="3" pinfunction="Pin_3" pintype="passive"/>
      <node ref="U2" pin="34" pinfunction="RXD0/IO3" pintype="bidirectional"/>
    </net>
    <net code="54" name="/USB power">
      <node ref="J2" pin="A4" pinfunction="VBUS" pintype="passive"/>
      <node ref="J2" pin="A9" pinfunction="VBUS" pintype="passive"/>
      <node ref="J2" pin="B4" pinfunction="VBUS" pintype="passive"/>
      <node ref="J2" pin="B9" pinfunction="VBUS" pintype="passive"/>
      <node ref="J4" pin="1" pinfunction="Pin_1" pintype="passive"/>
      <node ref="SW1" pin="1" pinfunction="A" pintype="passive"/>
    </net>
    <net code="55" name="GND">
      <node ref="C1" pin="2" pintype="passive"/>
      <node ref="C10" pin="2" pintype="passive"/>
      <node ref="C11" pin="2" pintype="passive"/>
      <node ref="C2" pin="2" pintype="passive"/>
      <node ref="C3" pin="2" pintype="passive"/>
      <node ref="C4" pin="1" pintype="passive"/>
      <node ref="C5" pin="1" pintype="passive"/>
      <node ref="C6" pin="2" pintype="passive"/>
      <node ref="C7" pin="2" pintype="passive"/>
      <node ref="C8" pin="2" pintype="passive"/>
      <node ref="C9" pin="1" pintype="passive"/>
      <node ref="J1" pin="6" pinfunction="Pin_6" pintype="passive"/>
      <node ref="J10" pin="1" pinfunction="Pin_1" pintype="passive"/>
      <node ref="J10" pin="2" pinfunction="Pin_2" pintype="passive"/>
      <node ref="J10" pin="3" pinfunction="Pin_3" pintype="passive"/>
      <node ref="J10" pin="4" pinfunction="Pin_4" pintype="passive"/>
      <node ref="J2" pin="A1" pinfunction="GND" pintype="passive"/>
      <node ref="J2" pin="A12" pinfunction="GND" pintype="passive"/>
      <node ref="J2" pin="B1" pinfunction="GND" pintype="passive"/>
      <node ref="J2" pin="B12" pinfunction="GND" pintype="passive"/>
      <node ref="J2" pin="S1" pinfunction="SHIELD" pintype="passive"/>
      <node ref="J3" pin="2" pinfunction="Pin_2" pintype="passive"/>
      <node ref="J4" pin="2" pinfunction="Pin_2" pintype="passive"/>
      <node ref="J5" pin="2" pinfunction="Pin_2" pintype="passive"/>
      <node ref="J6" pin="4" pinfunction="Pin_4" pintype="passive"/>
      <node ref="J7" pin="5" pinfunction="Pin_5" pintype="passive"/>
      <node ref="M1" pin="3" pinfunction="-" pintype="passive"/>
      <node ref="M2" pin="3" pinfunction="-" pintype="passive"/>
      <node ref="M3" pin="3" pinfunction="-" pintype="passive"/>
      <node ref="M4" pin="3" pinfunction="-" pintype="passive"/>
      <node ref="M5" pin="3" pinfunction="-" pintype="passive"/>
      <node ref="Q1" pin="2" pinfunction="S" pintype="passive"/>
      <node ref="Q2" pin="2" pinfunction="S" pintype="passive"/>
      <node ref="Q3" pin="2" pinfunction="S" pintype="passive"/>
      <node ref="Q4" pin="2" pinfunction="S" pintype="passive"/>
      <node ref="Q5" pin="2" pinfunction="S" pintype="passive"/>
      <node ref="Q6" pin="2" pinfunction="S" pintype="passive"/>
      <node ref="Q7" pin="2" pinfunction="S" pintype="passive"/>
      <node ref="Q8" pin="2" pinfunction="S" pintype="passive"/>
      <node ref="R3" pin="1" pintype="passive"/>
      <node ref="SW2" pin="2" pinfunction="2" pintype="passive"/>
      <node ref="U1" pin="1" pinfunction="GND" pintype="power_in"/>
      <node ref="U2" pin="1" pinfunction="GND" pintype="power_in"/>
      <node ref="U2" pin="15" pinfunction="GND" pintype="passive"/>
      <node ref="U2" pin="38" pinfunction="GND" pintype="passive"/>
      <node ref="U2" pin="39" pinfunction="GND" pintype="passive"/>
      <node ref="U3" pin="12" pinfunction="GND" pintype="power_in"/>
      <node ref="U3" pin="15" pinfunction="~{E}" pintype="input"/>
      <node ref="U4" pin="13" pinfunction="~{OE}" pintype="input"/>
      <node ref="U4" pin="8" pinfunction="GND" pintype="power_in"/>
    </net>
    <net code="56" name="Net-(C3-Pad1)">
      <node ref="C3" pin="1" pintype="passive"/>
      <node ref="R1" pin="1" pintype="passive"/>
    </net>
    <net code="57" name="Net-(D1-Pad1)">
      <node ref="D1" pin="1" pinfunction="K" pintype="passive"/>
      <node ref="R5" pin="1" pintype="passive"/>
    </net>
    <net code="58" name="Net-(D2-Pad2)">
      <node ref="D2" pin="2" pinfunction="A" pintype="passive"/>
      <node ref="J13" pin="1" pinfunction="Pin_1" pintype="passive"/>
      <node ref="Q1" pin="3" pinfunction="D" pintype="passive"/>
    </net>
    <net code="59" name="Net-(D3-Pad2)">
      <node ref="D3" pin="2" pinfunction="A" pintype="passive"/>
      <node ref="J13" pin="3" pinfunction="Pin_3" pintype="passive"/>
      <node ref="Q2" pin="3" pinfunction="D" pintype="passive"/>
    </net>
    <net code="60" name="Net-(D4-Pad2)">
      <node ref="D4" pin="2" pinfunction="A" pintype="passive"/>
      <node ref="J13" pin="5" pinfunction="Pin_5" pintype="passive"/>
      <node ref="Q3" pin="3" pinfunction="D" pintype="passive"/>
    </net>
    <net code="61" name="Net-(D5-Pad2)">
      <node ref="D5" pin="2" pinfunction="A" pintype="passive"/>
      <node ref="J13" pin="7" pinfunction="Pin_7" pintype="passive"/>
      <node ref="Q4" pin="3" pinfunction="D" pintype="passive"/>
    </net>
    <net code="62" name="Net-(D6-Pad2)">
      <node ref="D6" pin="2" pinfunction="A" pintype="passive"/>
      <node ref="J13" pin="2" pinfunction="Pin_2" pintype="passive"/>
      <node ref="Q5" pin="3" pinfunction="D" pintype="passive"/>
    </net>
    <net code="63" name="Net-(D7-Pad2)">
      <node ref="D7" pin="2" pinfunction="A" pintype="passive"/>
      <node ref="J13" pin="4" pinfunction="Pin_4" pintype="passive"/>
      <node ref="Q6" pin="3" pinfunction="D" pintype="passive"/>
    </net>
    <net code="64" name="Net-(D8-Pad2)">
      <node ref="D8" pin="2" pinfunction="A" pintype="passive"/>
      <node ref="J13" pin="6" pinfunction="Pin_6" pintype="passive"/>
      <node ref="Q7" pin="3" pinfunction="D" pintype="passive"/>
    </net>
    <net code="65" name="Net-(D9-Pad2)">
      <node ref="D9" pin="2" pinfunction="A" pintype="passive"/>
      <node ref="J13" pin="8" pinfunction="Pin_8" pintype="passive"/>
      <node ref="Q8" pin="3" pinfunction="D" pintype="passive"/>
    </net>
    <net code="66" name="Net-(J3-Pad1)">
      <node ref="J3" pin="1" pinfunction="Pin_1" pintype="passive"/>
      <node ref="JP1" pin="1" pinfunction="A" pintype="passive"/>
    </net>
    <net code="67" name="Net-(J5-Pad1)">
      <node ref="J5" pin="1" pinfunction="Pin_1" pintype="passive"/>
      <node ref="JP2" pin="1" pinfunction="A" pintype="passive"/>
    </net>
    <net code="68" name="Net-(J8-Pad1)">
      <node ref="J8" pin="1" pinfunction="Pin_1" pintype="passive"/>
      <node ref="U2" pin="28" pinfunction="IO17" pintype="bidirectional"/>
    </net>
    <net code="69" name="Net-(J8-Pad2)">
      <node ref="J8" pin="2" pinfunction="Pin_2" pintype="passive"/>
      <node ref="U2" pin="27" pinfunction="IO16" pintype="bidirectional"/>
    </net>
    <net code="70" name="Net-(J11-Pad1)">
      <node ref="J11" pin="1" pinfunction="Pin_1" pintype="passive"/>
      <node ref="R9" pin="2" pintype="passive"/>
    </net>
    <net code="71" name="Net-(J11-Pad2)">
      <node ref="J11" pin="2" pinfunction="Pin_2" pintype="passive"/>
      <node ref="R12" pin="2" pintype="passive"/>
    </net>
    <net code="72" name="Net-(J11-Pad3)">
      <node ref="J11" pin="3" pinfunction="Pin_3" pintype="passive"/>
      <node ref="R10" pin="2" pintype="passive"/>
    </net>
    <net code="73" name="Net-(J11-Pad4)">
      <node ref="J11" pin="4" pinfunction="Pin_4" pintype="passive"/>
      <node ref="R13" pin="2" pintype="passive"/>
    </net>
    <net code="74" name="Net-(J11-Pad5)">
      <node ref="J11" pin="5" pinfunction="Pin_5" pintype="passive"/>
      <node ref="R11" pin="2" pintype="passive"/>
    </net>
    <net code="75" name="Net-(J11-Pad6)">
      <node ref="J11" pin="6" pinfunction="Pin_6" pintype="passive"/>
      <node ref="R14" pin="2" pintype="passive"/>
    </net>
    <net code="76" name="Net-(R2-Pad1)">
      <node ref="R2" pin="1" pintype="passive"/>
      <node ref="R3" pin="2" pintype="passive"/>
      <node ref="U2" pin="5" pinfunction="SENSOR_VN" pintype="input"/>
    </net>
    <net code="77" name="Net-(R10-Pad1)">
      <node ref="R10" pin="1" pintype="passive"/>
      <node ref="R11" pin="1" pintype="passive"/>
      <node ref="R12" pin="1" pintype="passive"/>
      <node ref="R13" pin="1" pintype="passive"/>
      <node ref="R14" pin="1" pintype="passive"/>
      <node ref="R8" pin="2" pintype="passive"/>
      <node ref="R9" pin="1" pintype="passive"/>
      <node ref="U2" pin="24" pinfunction="IO2" pintype="bidirectional"/>
    </net>
    <net code="78" name="Net-(SW2-Pad1)">
      <node ref="SW2" pin="1" pinfunction="1" pintype="passive"/>
      <node ref="U2" pin="30" pinfunction="IO18" pintype="bidirectional"/>
    </net>
    <net code="79" name="unconnected-(J2-PadA5)">
      <node ref="J2" pin="A5" pinfunction="CC1" pintype="bidirectional+no_connect"/>
    </net>
    <net code="80" name="unconnected-(J2-PadA6)">
      <node ref="J2" pin="A6" pinfunction="D+" pintype="bidirectional+no_connect"/>
    </net>
    <net code="81" name="unconnected-(J2-PadA7)">
      <node ref="J2" pin="A7" pinfunction="D-" pintype="bidirectional+no_connect"/>
    </net>
    <net code="82" name="unconnected-(J2-PadA8)">
      <node ref="J2" pin="A8" pinfunction="SBU1" pintype="bidirectional+no_connect"/>
    </net>
    <net code="83" name="unconnected-(J2-PadB5)">
      <node ref="J2" pin="B5" pinfunction="CC2" pintype="bidirectional+no_connect"/>
    </net>
    <net code="84" name="unconnected-(J2-PadB6)">
      <node ref="J2" pin="B6" pinfunction="D+" pintype="bidirectional+no_connect"/>
    </net>
    <net code="85" name="unconnected-(J2-PadB7)">
      <node ref="J2" pin="B7" pinfunction="D-" pintype="bidirectional+no_connect"/>
    </net>
    <net code="86" name="unconnected-(J2-PadB8)">
      <node ref="J2" pin="B8" pinfunction="SBU2" pintype="bidirectional+no_connect"/>
    </net>
    <net code="87" name="unconnected-(U2-Pad17)">
      <node ref="U2" pin="17" pinfunction="SHD/SD2" pintype="bidirectional+no_connect"/>
    </net>
    <net code="88" name="unconnected-(U2-Pad18)">
      <node ref="U2" pin="18" pinfunction="SWP/SD3" pintype="bidirectional+no_connect"/>
    </net>
    <net code="89" name="unconnected-(U2-Pad19)">
      <node ref="U2" pin="19" pinfunction="SCS/CMD" pintype="bidirectional+no_connect"/>
    </net>
    <net code="90" name="unconnected-(U2-Pad20)">
      <node ref="U2" pin="20" pinfunction="SCK/CLK" pintype="bidirectional+no_connect"/>
    </net>
    <net code="91" name="unconnected-(U2-Pad21)">
      <node ref="U2" pin="21" pinfunction="SDO/SD0" pintype="bidirectional+no_connect"/>
    </net>
    <net code="92" name="unconnected-(U2-Pad22)">
      <node ref="U2" pin="22" pinfunction="SDI/SD1" pintype="bidirectional+no_connect"/>
    </net>
    <net code="93" name="unconnected-(U2-Pad32)">
      <node ref="U2" pin="32" pinfunction="NC" pintype="no_connect"/>
    </net>
    <net code="94" name="unconnected-(U4-Pad9)">
      <node ref="U4" pin="9" pinfunction="QH'" pintype="output+no_connect"/>
    </net>
  </nets>
</export>
